"PartNumber","PartDescription","PartDetails","UOM","UPC","PartTypeID","Active","PartTaxCode","StdCost","ProductNumber","ProductDescription","Price","ProductActive","ProductTaxCode","Vendor","DefaultVendor","VendorPartNumber","Cost","VendorUOM"
"WX-RM-3000","WX Raw Component 3000","","ea","","10","true","NCG","2.5","","","","","","A&B Distribution","true","WX-RM-3000-V","2.5","ea"
"WX-RM-3001","WX Raw Component 3001","","ea","","10","true","NCG","3.75","","","","","","Johnson Manufacturing","true","WX-RM-3001-V","3.75","ea"
"WX-RM-3002","WX Raw Component 3002","","m","","10","true","NCG","5","","","","","","Kevin's Cables","true","WX-RM-3002-V","5","m"
"WX-RM-3003","WX Raw Component 3003","","kg","","10","true","NCG","6.25","","","","","","Cyclery Connection","true","WX-RM-3003-V","6.25","kg"
"WX-RM-3004","WX Raw Component 3004","","mm","","10","true","NCG","7.5","","","","","","Simpson Cyclery","true","WX-RM-3004-V","7.5","mm"
"WX-RM-3005","WX Raw Component 3005","","ea","","10","true","NCG","8.75","","","","","","Monroe Bike Company","true","WX-RM-3005-V","8.75","ea"
"WX-RM-3006","WX Raw Component 3006","","L","","10","true","NCG","10","","","","","","Rocky Mountain Bikes","true","WX-RM-3006-V","10","L"
"WX-RM-3007","WX Raw Component 3007","","ft","","10","true","NCG","11.25","","","","","","Chuck's Chain Shop","true","WX-RM-3007-V","11.25","ft"
"WX-RM-3008","WX Raw Component 3008","","ea","","10","true","NCG","12.5","","","","","","A&B Distribution","true","WX-RM-3008-V","12.5","ea"
"WX-RM-3009","WX Raw Component 3009","","kg","","10","true","NCG","13.75","","","","","","Johnson Manufacturing","true","WX-RM-3009-V","13.75","kg"
"WX-RM-3010","WX Raw Component 3010","","ea","","10","true","NCG","15","","","","","","Kevin's Cables","true","WX-RM-3010-V","15","ea"
"WX-RM-3011","WX Raw Component 3011","","ea","","10","true","NCG","16.25","","","","","","Cyclery Connection","true","WX-RM-3011-V","16.25","ea"
"WX-RM-3012","WX Raw Component 3012","","m","","10","true","NCG","17.5","","","","","","Simpson Cyclery","true","WX-RM-3012-V","17.5","m"
"WX-RM-3013","WX Raw Component 3013","","kg","","10","true","NCG","18.75","","","","","","Monroe Bike Company","true","WX-RM-3013-V","18.75","kg"
"WX-RM-3014","WX Raw Component 3014","","mm","","10","true","NCG","20","","","","","","Rocky Mountain Bikes","true","WX-RM-3014-V","20","mm"
"WX-RM-3015","WX Raw Component 3015","","ea","","10","true","NCG","21.25","","","","","","Chuck's Chain Shop","true","WX-RM-3015-V","21.25","ea"
"WX-RM-3016","WX Raw Component 3016","","L","","10","true","NCG","22.5","","","","","","A&B Distribution","true","WX-RM-3016-V","22.5","L"
"WX-RM-3017","WX Raw Component 3017","","ft","","10","true","NCG","23.75","","","","","","Johnson Manufacturing","true","WX-RM-3017-V","23.75","ft"
"WX-RM-3018","WX Raw Component 3018","","ea","","10","true","NCG","25","","","","","","Kevin's Cables","true","WX-RM-3018-V","25","ea"
"WX-RM-3019","WX Raw Component 3019","","kg","","10","true","NCG","26.25","","","","","","Cyclery Connection","true","WX-RM-3019-V","26.25","kg"
"WX-RM-3020","WX Raw Component 3020","","ea","","10","true","NCG","2.5","","","","","","Simpson Cyclery","true","WX-RM-3020-V","2.5","ea"
"WX-RM-3021","WX Raw Component 3021","","ea","","10","true","NCG","3.75","","","","","","Monroe Bike Company","true","WX-RM-3021-V","3.75","ea"
"WX-RM-3022","WX Raw Component 3022","","m","","10","true","NCG","5","","","","","","Rocky Mountain Bikes","true","WX-RM-3022-V","5","m"
"WX-RM-3023","WX Raw Component 3023","","kg","","10","true","NCG","6.25","","","","","","Chuck's Chain Shop","true","WX-RM-3023-V","6.25","kg"
"WX-RM-3024","WX Raw Component 3024","","mm","","10","true","NCG","7.5","","","","","","A&B Distribution","true","WX-RM-3024-V","7.5","mm"
"WX-RM-3025","WX Raw Component 3025","","ea","","10","true","NCG","8.75","","","","","","Johnson Manufacturing","true","WX-RM-3025-V","8.75","ea"
"WX-RM-3026","WX Raw Component 3026","","L","","10","true","NCG","10","","","","","","Kevin's Cables","true","WX-RM-3026-V","10","L"
"WX-RM-3027","WX Raw Component 3027","","ft","","10","true","NCG","11.25","","","","","","Cyclery Connection","true","WX-RM-3027-V","11.25","ft"
"WX-RM-3028","WX Raw Component 3028","","ea","","10","true","NCG","12.5","","","","","","Simpson Cyclery","true","WX-RM-3028-V","12.5","ea"
"WX-RM-3029","WX Raw Component 3029","","kg","","10","true","NCG","13.75","","","","","","Monroe Bike Company","true","WX-RM-3029-V","13.75","kg"
"WX-RM-3030","WX Raw Component 3030","","ea","","10","true","NCG","15","","","","","","Rocky Mountain Bikes","true","WX-RM-3030-V","15","ea"
"WX-RM-3031","WX Raw Component 3031","","ea","","10","true","NCG","16.25","","","","","","Chuck's Chain Shop","true","WX-RM-3031-V","16.25","ea"
"WX-RM-3032","WX Raw Component 3032","","m","","10","true","NCG","17.5","","","","","","A&B Distribution","true","WX-RM-3032-V","17.5","m"
"WX-RM-3033","WX Raw Component 3033","","kg","","10","true","NCG","18.75","","","","","","Johnson Manufacturing","true","WX-RM-3033-V","18.75","kg"
"WX-RM-3034","WX Raw Component 3034","","mm","","10","true","NCG","20","","","","","","Kevin's Cables","true","WX-RM-3034-V","20","mm"
"WX-RM-3035","WX Raw Component 3035","","ea","","10","true","NCG","21.25","","","","","","Cyclery Connection","true","WX-RM-3035-V","21.25","ea"
"WX-RM-3036","WX Raw Component 3036","","L","","10","true","NCG","22.5","","","","","","Simpson Cyclery","true","WX-RM-3036-V","22.5","L"
"WX-RM-3037","WX Raw Component 3037","","ft","","10","true","NCG","23.75","","","","","","Monroe Bike Company","true","WX-RM-3037-V","23.75","ft"
"WX-RM-3038","WX Raw Component 3038","","ea","","10","true","NCG","25","","","","","","Rocky Mountain Bikes","true","WX-RM-3038-V","25","ea"
"WX-RM-3039","WX Raw Component 3039","","kg","","10","true","NCG","26.25","","","","","","Chuck's Chain Shop","true","WX-RM-3039-V","26.25","kg"
"WX-RM-3040","WX Raw Component 3040","","ea","","10","true","NCG","2.5","","","","","","A&B Distribution","true","WX-RM-3040-V","2.5","ea"
"WX-RM-3041","WX Raw Component 3041","","ea","","10","true","NCG","3.75","","","","","","Johnson Manufacturing","true","WX-RM-3041-V","3.75","ea"
"WX-RM-3042","WX Raw Component 3042","","m","","10","true","NCG","5","","","","","","Kevin's Cables","true","WX-RM-3042-V","5","m"
"WX-RM-3043","WX Raw Component 3043","","kg","","10","true","NCG","6.25","","","","","","Cyclery Connection","true","WX-RM-3043-V","6.25","kg"
"WX-RM-3044","WX Raw Component 3044","","mm","","10","true","NCG","7.5","","","","","","Simpson Cyclery","true","WX-RM-3044-V","7.5","mm"
"WX-RM-3045","WX Raw Component 3045","","ea","","10","true","NCG","8.75","","","","","","Monroe Bike Company","true","WX-RM-3045-V","8.75","ea"
"WX-RM-3046","WX Raw Component 3046","","L","","10","true","NCG","10","","","","","","Rocky Mountain Bikes","true","WX-RM-3046-V","10","L"
"WX-RM-3047","WX Raw Component 3047","","ft","","10","true","NCG","11.25","","","","","","Chuck's Chain Shop","true","WX-RM-3047-V","11.25","ft"
"WX-RM-3048","WX Raw Component 3048","","ea","","10","true","NCG","12.5","","","","","","A&B Distribution","true","WX-RM-3048-V","12.5","ea"
"WX-RM-3049","WX Raw Component 3049","","kg","","10","true","NCG","13.75","","","","","","Johnson Manufacturing","true","WX-RM-3049-V","13.75","kg"
"WX-SA-2000","WX Sub-Assembly 2000","","ea","","10","true","NCG","22","WX-SA-2000","WX Sub-Assembly 2000","40","true","GST","","","","",""
"WX-SA-2001","WX Sub-Assembly 2001","","ea","","10","true","NCG","23.65","WX-SA-2001","WX Sub-Assembly 2001","43","true","GST","","","","",""
"WX-SA-2002","WX Sub-Assembly 2002","","ea","","10","true","NCG","25.3","WX-SA-2002","WX Sub-Assembly 2002","46","true","GST","","","","",""
"WX-SA-2003","WX Sub-Assembly 2003","","ea","","10","true","NCG","26.95","WX-SA-2003","WX Sub-Assembly 2003","49","true","GST","","","","",""
"WX-SA-2004","WX Sub-Assembly 2004","","ea","","10","true","NCG","28.6","WX-SA-2004","WX Sub-Assembly 2004","52","true","GST","","","","",""
"WX-SA-2005","WX Sub-Assembly 2005","","ea","","10","true","NCG","30.25","WX-SA-2005","WX Sub-Assembly 2005","55","true","GST","","","","",""
"WX-SA-2006","WX Sub-Assembly 2006","","ea","","10","true","NCG","31.9","WX-SA-2006","WX Sub-Assembly 2006","58","true","GST","","","","",""
"WX-SA-2007","WX Sub-Assembly 2007","","ea","","10","true","NCG","33.55","WX-SA-2007","WX Sub-Assembly 2007","61","true","GST","","","","",""
"WX-SA-2008","WX Sub-Assembly 2008","","ea","","10","true","NCG","35.2","WX-SA-2008","WX Sub-Assembly 2008","64","true","GST","","","","",""
"WX-SA-2009","WX Sub-Assembly 2009","","ea","","10","true","NCG","36.85","WX-SA-2009","WX Sub-Assembly 2009","67","true","GST","","","","",""
"WX-SA-2010","WX Sub-Assembly 2010","","ea","","10","true","NCG","38.5","WX-SA-2010","WX Sub-Assembly 2010","70","true","GST","","","","",""
"WX-SA-2011","WX Sub-Assembly 2011","","ea","","10","true","NCG","40.15","WX-SA-2011","WX Sub-Assembly 2011","73","true","GST","","","","",""
"WX-SA-2012","WX Sub-Assembly 2012","","ea","","10","true","NCG","41.8","WX-SA-2012","WX Sub-Assembly 2012","76","true","GST","","","","",""
"WX-SA-2013","WX Sub-Assembly 2013","","ea","","10","true","NCG","43.45","WX-SA-2013","WX Sub-Assembly 2013","79","true","GST","","","","",""
"WX-SA-2014","WX Sub-Assembly 2014","","ea","","10","true","NCG","45.1","WX-SA-2014","WX Sub-Assembly 2014","82","true","GST","","","","",""
"WX-SA-2015","WX Sub-Assembly 2015","","ea","","10","true","NCG","46.75","WX-SA-2015","WX Sub-Assembly 2015","85","true","GST","","","","",""
"WX-SA-2016","WX Sub-Assembly 2016","","ea","","10","true","NCG","48.4","WX-SA-2016","WX Sub-Assembly 2016","88","true","GST","","","","",""
"WX-SA-2017","WX Sub-Assembly 2017","","ea","","10","true","NCG","50.05","WX-SA-2017","WX Sub-Assembly 2017","91","true","GST","","","","",""
"WX-SA-2018","WX Sub-Assembly 2018","","ea","","10","true","NCG","51.7","WX-SA-2018","WX Sub-Assembly 2018","94","true","GST","","","","",""
"WX-SA-2019","WX Sub-Assembly 2019","","ea","","10","true","NCG","53.35","WX-SA-2019","WX Sub-Assembly 2019","97","true","GST","","","","",""
"WX-FG-1000","WX Widget Assembly 1000","","ea","","10","true","NCG","66","WX-FG-1000","WX Widget Assembly 1000","120","true","GST","","","","",""
"WX-FG-1001","WX Widget Assembly 1001","","ea","","10","true","NCG","70.13","WX-FG-1001","WX Widget Assembly 1001","127.5","true","GST","","","","",""
"WX-FG-1002","WX Widget Assembly 1002","","ea","","10","true","NCG","74.25","WX-FG-1002","WX Widget Assembly 1002","135","true","GST","","","","",""
"WX-FG-1003","WX Widget Assembly 1003","","ea","","10","true","NCG","78.38","WX-FG-1003","WX Widget Assembly 1003","142.5","true","GST","","","","",""
"WX-FG-1004","WX Widget Assembly 1004","","ea","","10","true","NCG","82.5","WX-FG-1004","WX Widget Assembly 1004","150","true","GST","","","","",""
"WX-FG-1005","WX Widget Assembly 1005","","ea","","10","true","NCG","86.63","WX-FG-1005","WX Widget Assembly 1005","157.5","true","GST","","","","",""
"WX-FG-1006","WX Widget Assembly 1006","","ea","","10","true","NCG","90.75","WX-FG-1006","WX Widget Assembly 1006","165","true","GST","","","","",""
"WX-FG-1007","WX Widget Assembly 1007","","ea","","10","true","NCG","94.88","WX-FG-1007","WX Widget Assembly 1007","172.5","true","GST","","","","",""
"WX-FG-1008","WX Widget Assembly 1008","","ea","","10","true","NCG","99","WX-FG-1008","WX Widget Assembly 1008","180","true","GST","","","","",""
"WX-FG-1009","WX Widget Assembly 1009","","ea","","10","true","NCG","103.13","WX-FG-1009","WX Widget Assembly 1009","187.5","true","GST","","","","",""
"WX-FG-1010","WX Widget Assembly 1010","","ea","","10","true","NCG","107.25","WX-FG-1010","WX Widget Assembly 1010","195","true","GST","","","","",""
"WX-FG-1011","WX Widget Assembly 1011","","ea","","10","true","NCG","111.38","WX-FG-1011","WX Widget Assembly 1011","202.5","true","GST","","","","",""
"WX-FG-1012","WX Widget Assembly 1012","","ea","","10","true","NCG","115.5","WX-FG-1012","WX Widget Assembly 1012","210","true","GST","","","","",""
"WX-FG-1013","WX Widget Assembly 1013","","ea","","10","true","NCG","119.63","WX-FG-1013","WX Widget Assembly 1013","217.5","true","GST","","","","",""
"WX-FG-1014","WX Widget Assembly 1014","","ea","","10","true","NCG","123.75","WX-FG-1014","WX Widget Assembly 1014","225","true","GST","","","","",""
"WX-FG-1015","WX Widget Assembly 1015","","ea","","10","true","NCG","127.88","WX-FG-1015","WX Widget Assembly 1015","232.5","true","GST","","","","",""
"WX-FG-1016","WX Widget Assembly 1016","","ea","","10","true","NCG","132","WX-FG-1016","WX Widget Assembly 1016","240","true","GST","","","","",""
"WX-FG-1017","WX Widget Assembly 1017","","ea","","10","true","NCG","136.13","WX-FG-1017","WX Widget Assembly 1017","247.5","true","GST","","","","",""
"WX-FG-1018","WX Widget Assembly 1018","","ea","","10","true","NCG","140.25","WX-FG-1018","WX Widget Assembly 1018","255","true","GST","","","","",""
"WX-FG-1019","WX Widget Assembly 1019","","ea","","10","true","NCG","144.38","WX-FG-1019","WX Widget Assembly 1019","262.5","true","GST","","","","",""
"WX-FG-1020","WX Widget Assembly 1020","","ea","","10","true","NCG","148.5","WX-FG-1020","WX Widget Assembly 1020","270","true","GST","","","","",""
"WX-FG-1021","WX Widget Assembly 1021","","ea","","10","true","NCG","152.63","WX-FG-1021","WX Widget Assembly 1021","277.5","true","GST","","","","",""
"WX-FG-1022","WX Widget Assembly 1022","","ea","","10","true","NCG","156.75","WX-FG-1022","WX Widget Assembly 1022","285","true","GST","","","","",""
"WX-FG-1023","WX Widget Assembly 1023","","ea","","10","true","NCG","160.88","WX-FG-1023","WX Widget Assembly 1023","292.5","true","GST","","","","",""
"WX-FG-1024","WX Widget Assembly 1024","","ea","","10","true","NCG","165","WX-FG-1024","WX Widget Assembly 1024","300","true","GST","","","","",""
"WX-FG-1025","WX Widget Assembly 1025","","ea","","10","true","NCG","169.13","WX-FG-1025","WX Widget Assembly 1025","307.5","true","GST","","","","",""
"WX-FG-1026","WX Widget Assembly 1026","","ea","","10","true","NCG","173.25","WX-FG-1026","WX Widget Assembly 1026","315","true","GST","","","","",""
"WX-FG-1027","WX Widget Assembly 1027","","ea","","10","true","NCG","177.38","WX-FG-1027","WX Widget Assembly 1027","322.5","true","GST","","","","",""
"WX-FG-1028","WX Widget Assembly 1028","","ea","","10","true","NCG","181.5","WX-FG-1028","WX Widget Assembly 1028","330","true","GST","","","","",""
"WX-FG-1029","WX Widget Assembly 1029","","ea","","10","true","NCG","185.63","WX-FG-1029","WX Widget Assembly 1029","337.5","true","GST","","","","",""
"WX-FG-1030","WX Widget Assembly 1030","","ea","","10","true","NCG","189.75","WX-FG-1030","WX Widget Assembly 1030","345","true","GST","","","","",""
"WX-FG-1031","WX Widget Assembly 1031","","ea","","10","true","NCG","193.88","WX-FG-1031","WX Widget Assembly 1031","352.5","true","GST","","","","",""
"WX-FG-1032","WX Widget Assembly 1032","","ea","","10","true","NCG","198","WX-FG-1032","WX Widget Assembly 1032","360","true","GST","","","","",""
"WX-FG-1033","WX Widget Assembly 1033","","ea","","10","true","NCG","202.13","WX-FG-1033","WX Widget Assembly 1033","367.5","true","GST","","","","",""
"WX-FG-1034","WX Widget Assembly 1034","","ea","","10","true","NCG","206.25","WX-FG-1034","WX Widget Assembly 1034","375","true","GST","","","","",""
"WX-FG-1035","WX Widget Assembly 1035","","ea","","10","true","NCG","210.38","WX-FG-1035","WX Widget Assembly 1035","382.5","true","GST","","","","",""
"WX-FG-1036","WX Widget Assembly 1036","","ea","","10","true","NCG","214.5","WX-FG-1036","WX Widget Assembly 1036","390","true","GST","","","","",""
"WX-FG-1037","WX Widget Assembly 1037","","ea","","10","true","NCG","218.63","WX-FG-1037","WX Widget Assembly 1037","397.5","true","GST","","","","",""
"WX-FG-1038","WX Widget Assembly 1038","","ea","","10","true","NCG","222.75","WX-FG-1038","WX Widget Assembly 1038","405","true","GST","","","","",""
"WX-FG-1039","WX Widget Assembly 1039","","ea","","10","true","NCG","226.88","WX-FG-1039","WX Widget Assembly 1039","412.5","true","GST","","","","",""
"WX-LAB-FAB","Fabrication labour","","hr","","21","true","NCG","","","","","","","","","","",""
"WX-LAB-ASSY","Assembly labour","","hr","","21","true","NCG","","","","","","","","","","",""
"WX-LAB-TEST","Test & QA labour","","hr","","21","true","NCG","","","","","","","","","","",""
