DO NOT CHANGE ANYTHING ON THIS MML - THIS IS THE MASTER REVISED 7/7/2026,,,,,,,,,,,,,,,,,,,,,,,,,,,
Part No.,Part Revision,AE2510NT Program No. (Turret),HG8025 Program No. (Bender),Description,Parts per Unit,Parts per Blank,Blank Size (mm),,,,Thickness (mm),Material,"Scrap, Coil , or Sheet ",Material Part No.,Mass kg/m²,Updated Weights,Status,ECN#,Comments,,,,,,,,
,,,,,,,Width,x,Length,Exact Size,,,,,,,,,,,,,,,,,
100-2201,100-2201-B-02,100-2201-B,100-2201-B, TOP PANEL INNER  ,1,2,1219,x,570,,0.9,SS 304/4 PVC,Coil 1219,8-0219,7.36,2.557,Active,,,,,,,,,,
100-2202,100-2202-B-02,100-2202-B,100-2202-B, INNER  BOTTOM PANEL,1,2,1219,x,570,,0.9,SS 304/4 PVC,Coil 1219,8-0219,7.36,2.557,Active,,,,,,,,,,
100-2203,100-2203-A-01,100-2203-A,100-2203-A,WALL MOUNT BRACKET,1,12,1220,x,1020,,1.2,G/BOND,SHT 2400 x 1200,1-10-090,8.84,0.917,Active,,,,,,,,,,
100-2204,100-2204-A-01,100-2204-A,100-2204-A,WALL BRACKET,1,22,1219,x,930,,2.5,G/BOND,SHT 2400 x 1200,1-10-120,20,1.031,Active,,,,,,,,,,
100-2205,100-2205-A-01,100-2205-A,100-2205-A,HINGE CAP,1,52,914,x,200,,0.9,SS 304/4 PVC,Coil 914,8-0215,7.36,0.026,Active,,,,,,,,,,
100-2206,100-2206-C-03,100-2206-D,100-2206-D, OUTER TOP PANEL BOTTOM CABINET (COMBINATION),1,2,1219,x,660,,0.9,SS 304/4 PVC,Coil 1219,8-0219,7.36,2.961,Active,,,,,,,,,,
100-2207,100-2207-C-04,100 2207-D,100 2207-D, OUTER BOTTOM PANEL,1,2,1219,x,660,,0.9,SS MAG 430/4 PVC,Coil 1219,8-0226,7.36,2.961,Active,,,,,,,,,,
100-2208,100-2208-B-03,100-2208-C,100-2208-C, OUTER SIDE PANEL RIGHT HAND,1,2,1219,x,760,,0.9,SS MAG 430/4 PVC,Coil 1219,8-0226,7.36,3.409,Active,,,,,,,,,,
100-2209,100-2209-C-04,100-2209-D,100-2209-D, OUTER SIDE PANEL LEFT HAND,1,2,1219,x,760,,0.9,SS MAG 430/4 PVC,Coil 1219,8-0226,7.36,3.409,Active,,,,,,,,,,
100-2210,100-2210-C-03,100-2210-C,100-2210-C, EXTERNAL BACK PANEL,1,2,1200,x,700,,0.6,G/BOND,Coil 915,5-05-020,4.6,1.932,Active,,,,,,,,,,
100-2212,100-2212-A-01,100-2212-A,100-2212-A, REAR TOP HAT SECTION,1,10,915,x,1020,,0.6,G/BOND,Coil 915,5-05-020,4.6,0.429,Active,,,,,,,,,,
100-2213,100-2213-B-02,100-2213-B,100-2213-B, SIDE AIR DUCT LEFT HAND,2,7,1219,X,535,,0.9,SS 304/4 PVC,Coil 1219,8-0219,7.36,0.686,Active,,,,,,,,,,
100-2214,100-2214-B-02,100-2214-B,100-2214-B, SIDE AIR DUCT RIGHT HAND,2,7,1219,X,535,,0.9,SS 304/4 PVC,Coil 1219,8-0219,7.36,0.686,Active,,,,,,,,,,
100-2215,100-2215-B-02,100-2215-C,100-2215-C, TOP SUPPORT CHANNEL,1,12,1219,x,1420,,0.9,SS 304/4 PVC,Coil 1219,8-0219,7.36,1.062,Active,,,,,,,,,,
100-2216,100-2216-A-01,100-2216A,100-2216A,DOOR SUPPORT CHANNEL,1,16,914,x,660,,0.9,SS MAG 430/4 PVC,Coil 914,8-0225,7.36,0.277,Active,,,,,,,,,,
100-2217,100-2217-E-05,100-2217-E,100-2217-E, CONTROL PANEL,1,6,914,x,1270,,0.9,SS 304/4 PVC,Coil 914,8-0215,7.36,1.424,Active,,,,,,,,,,
100-2218,100-2218-A-01,100-2218-A,100-2218-A, UPPER DUCT,1,2,1219,x,700,,0.9,SS 304/2B,Coil 1219,8-0229,7.36,3.140,Active,,,,,,,,,,
100-2219,100-2219-C-03,100-2219-C,100-2219-C, UPPER DUCT COVER,1,2,610,x,1250,,0.9,SS 304/2B,Coil 1219,8-0229,7.36,2.806,Active,,,,,,,,,,
100-2220,100-2220-A-01,100-2220-A,100-2220-A, UPPER DUCT FRONT CHANNEL,1,12,914,x,590,,0.9,SS 304/2B,Coil 914,8-0228,7.36,0.331,Active,,,,,,,,,,
100-2221,100-2221-A-01,100-2221-A,100-2221-A, UPPER DUCT REAR CHANNEL,1,12,914,x,590,,0.9,SS 304/2B,Coil 914,8-0228,7.36,0.331,Active,,,,,,,,,,
100-2224,100-2224-B-02,100-2224-B,100-2224-B, FLOOR BENCH SKIRT ACCESS PANEL,1,2,1219,x,270,,0.9,SS MAG 430/4 PVC,Coil 1219,8-0226,7.36,1.211,Active,,,,,,,,,,
100-2225,100-2225-A-01,100-2225-A,100-2225-A, FLOOR BENCH SKIRT,1,7,914,x,1900,,0.9,SS 304/4 PVC,Coil 914,8-0215,7.36,1.826,Active,,,,,,,,,,
100-2226,100-2226-A-01,100-2226-A,100-2226-A, JOINING STRIP REAR,1,18,914,x,530,,0.9,SS 304/4 PVC,Coil 914,8-0215,7.36,0.198,Active,,,,,,,,,,
100-2227,100-2227-B-02,100-2227-C,100-2227-C,INNER SIDE AND REAR PANEL,1,2,1219,x,1510,,0.9,SS 304/4 PVC,Coil 1219,8-0219,7.36,6.774,Active,,,,,,,,,,
100-2237,100-2237-A,100-2237-A,100-2237-A,STAND FRONT FILL PANEL,1,5,1219,x,340,,1.2,SS 304/4 PVC,Coil 1219,8-0236,9.81,0.813,Active,,,,,,,,,,
100-2238,100-2238-A,100-2238-A,100-2238-A,STAND REAR PANEL,1,5,1219,x,720,,1.2,SS 304/4 PVC,Coil 1219,8-0236,9.81,1.722,Active,,,,,,,,,,
100-2239,100-2239-B,100-2239-B,100-2239-B,STAND ACCESS PANEL,1,1,914,x,670,,0.9,SS MAG 430/4 PVC,Coil 914,8-0225,7.36,4.507,Active,,NO WELD,,,,,,,,
100-2251,100-2251-A-01,100-2251-A,100-2251-A,SUPPORT ELECTRICAL TRAY (Accessory for 100-5120),1,34,1220,x,160,,1.6,G/BOND,SHT 2400 x 1200,1-10-100,12.9,0.074,Active,,,,,,,,,,
100-2255,100-2255-A,100-2255-A,100-2255-A,105 FASCIA RH SIDE (COMBINATION),1,6,1220,x,1460,,1.2,SS 304/4 PVC,Coil 1219,8-0236,9.81,2.912,Active,,,,,,,,,,
100-2256,100-2256-A,100-2256-A,100-2256-A,105 FASCIA LH SIDE (COMBINATION),1,6,1220,x,1460,,1.2,SS 304/4 PVC,Coil 1219,8-0236,9.81,2.912,Active,,,,,,,,,,
100-2257,100-2257-A,100-2257-A,100-2257-A,105 FASCIA TOP AND BOTTOM,2,12,1220,X,1320,,1.2,SS 304/4 PVC,Coil 1219,8-0236,9.81,1.317,Active,,,,,,,,,,
100-2258,100-2258-A,100-2258-A,100-2258-A,105 WALL MOUNT SIDE FASCIA LH RH,2,6,1220,x,820,,1.2,SS 304/4 PVC,Coil 1219,8-0236,9.81,1.636,Active,,,,,,,,,,
100-2259,100-2259-01,100-2258-A,100-2258-A,105 DOOR LOCK BRACKET,1,17,1219,x,170,,1.6,SS 304/2B,SHT 2400 x 1200,8-0269,13.08,0.159,Active,,,,,,,,,,
100-2260,100-2260-A,100-2260-A,100-2260-A,105 FASCIA LH SIDE (STAND),1,4,914,X,1340,,1.2,SS 304/4 PVC,Coil 914,8-0209,9.81,3.004,Inactive,,,,,,,,,,
100-2263,100-2263-A-01,100-2263-A,100-2263-A,BWFW 105 WEIGHTED BOX BOTTOM,1,6,1219,x,1040,,0.9,SS 304/2B,Coil 1219,8-0229,7.36,1.555,Active,1501,New Part,,,,,,,,
100-2264,100-2264-A-01,100-2264-A,100-2264-A,BWFW 105 WEIGHTED BOX OUTER,1,4,1219,x,1250,,0.9,SS 304/2B,Coil 1219,8-0229,7.36,2.804,Active,1501,New Part,,,,,,,,
100-2500,100-2500,2500,2500,REAR TRANSPORT BRACKET CASTER,2,15,1219,x,230,,2.5,G/BOND,SHT 2400 x 1200,1-10-120,20,0.374,Active,1501,New Part,,,,,,,,
,,,,,,,,,,,,,,,,,,,,,,,,,,,
COMMON PARTS (260Litre) FOUND IN BWFW DIRECTORY,,,,,,,,,,,,,,,,,,,,,,,,,,,
Part No.,Part Revision,AE2510NT Program No. (Turret),HG8025 Program No. (Bender),Description,Parts per Unit,Parts per Blank,Blank Size (mm),,,,Thickness (mm),Material,"Scrap, Coil , or Sheet ",Material Part No.,Mass kg/m²,Updated Weights,Status,ECN#,Comments,,,,,,,,
,,,,,,,Width,x,Length,Exact Size,,,,,,,,,,,,,,,,,
8-M00-83-0023,BWFW-0023-2,0023-2,0023,FAN MOUNTING PLATE,1,3,880,x,260,Offcut from 8-M00-83-2005,0.9,SS 304/4 PVC,Coil 1219,8-0219,7.36,0.561,Active,,,,,,,,,,
8-M00-83-0024,BWFW-0024-1,0024,0024,FAN COVER PLATE,1,12,1219,x,500,,0.9,SS 304/2B,Coil 1219,8-0229,7.36,0.374,Active,,,,,,,,,,
8-M00-83-0025,BWFW-0025-4,0025-4,,ELEMENT MOUNTING BRACKET,1,44,1219,x,270,,0.9,SS 304/2B,Coil 1219,8-0229,7.36,0.055,Active,,,,,,,,,,
8-M00-83-0026,BWFW-0026-1,0026,0026,ELEMENT SUPPORT,1,68,1219,x,155,,0.9,SS 304/2B,Coil 1219,8-0229,7.36,0.020,Active,,,,,,,,,,
8-M00-83-0027,BWFW-0027-5,0027,0027,ELECTRICAL COVER,1,2,880,x,260,Offcut from 8-M00-83-2005,0.9,SS 304/4 PVC,Coil 1219,8-0219,7.36,0.842,Active,,,,,,,,,,
8-M00-83-0030,BWFW-0030-6,0030-2,0030,DOOR HINGE BRACKET TOP  LH,1,48,1219,x,250,,2.0,SS 304/2B,SHT 2400 x 1200,8-0279,16.35,0.104,Active,,"Cost split across ""8-M00-83-0030/31 @0.052ea"" ",,,,,,,,
8-M00-83-0031,BWFW-0030,,,DOOR HINGE BRACKET TOP  RH,1,48,,,,Nested with 8-M00-83-0030,#N/A,#N/A,#N/A,,#N/A,,Active,,,,,,,,,,
8-M00-83-0038,BWFW-0038-4,0038,0038,FRONT PANEL TOP GUSETTE PLATE,2,18,1219,x,290,,2.0,SS 304/2B,SHT 2400 x 1200,8-0279,16.35,0.321,Active,,,,,,,,,,
8-M00-83-0045,BWFW-0045-1,0045,0045,SENSOR HOLE COVER,1,39,1010,x,200,Offcut from 8-M00-83-0017,0.9,SS 304/4 PVC,Coil 1219,8-0219,7.36,0.038,Active,,,,,,,,,,
8-M00-83-0046,BWFW-0046-1,0046,0046,SENSOR MOUNTING PLATE,1,18,1219,x,270,,0.9,SS 304/2B,Coil 1219,8-0229,7.36,0.135,Active,,,,,,,,,,
8-M00-83-0048,BWFW-0048-1,0048,0048,REMOTE TEMPERATURE SENSOR DISC,1,210,1219,x,220,,0.9,SS 304/2B,Coil 1219,8-0229,7.36,0.009,Active,,,,,,,,,,
8-M00-83-0049,BWFW-0049-1,0049-2,0049,UNIT RETAINER FOR PACKAGING,4,32,1219,x,410,,2.5,G/BOND,SHT 2400 x 1200,1-10-120,20,0.312,Active,,,,,,,,,,
8-M00-83-0051,BWFW-0051-4,0051-5,0051,CONTROL PANEL LOCATING BRACKET,1,34,1219,x,220,,0.9,SS 304/2B,Coil 1219,8-0229,7.36,0.058,Active,,,,,,,,,,
8-M00-83-0052,BWFW-0052-2,0052,0052,CONTROL PANEL MOUNTING BRACKET,2,70,1219,x,250,,0.9,SS 304/2B,Coil 1219,8-0229,7.36,0.032,Active,,,,,,,,,,
8-M00-83-0053,BWFW-0053-2,0053,0053,GUSSETTE PLATE FRONT BOTTOM LH/RH,2,16,1219,x,290,,2.0,SS 304/2B,SHT 2400 x 1200,8-0279,16.35,0.361,Active,,,,,,,,,,
8-M00-83-0070,BWFW-0070-1,0070,0070,SKIRT MAGNET BRACKET,2,88,1219,x,260,,1.6,SS 304/2B,SHT 2400 x 1200,8-0269,13.08,0.047,Active,,,,,,,,,,
8-M00-83-0073,BWFW-0073,0073,0073,STAND MAGNET BRACKET,2,62,1219,x,250,,0.9,SS 304/2B,Coil 1219,8-0229,7.36,0.036,Active,,,,,,,,,,
8-M00-83-0077,BWFW-0077-1,0077,0077,STAND SIDE PANEL,2,1,1219,x,720,,1.2,SS 304/4 PVC,Coil 1219,8-0236,9.81,8.610,Active,,,,,,,,,,
8-M00-83-2022,CE-BWFW-2022-2,2022,2022,ELECTRICAL PANEL,1,6,1200,x,600,,3,AL (M/F),SHT 2400 x 1200,1-10-040,8.13,0.976,Active,,,,,,,,,,
8-M00-83-2023,CE-BWFW-2023-2,2023,2023,FILL CHANNEL BLANKET WARMER,2,34,1219,x,400,,0.9,SS 304/2B,Coil 1219,8-0229,7.36,0.106,Active,,,,,,,,,,
8-M00-83-2024,CE-BWFW-2024-2,2024,2024,CASTOR MOUNTING BRACKET,2,7,1219,x,590,,1.2,SS 304/2B,Coil 1219,8-0230,9.81,1.008,Active,,,,,,,,,,
8-M00-83-2028,CE-BWFW-2028-1,2028,2028,ELECTRICAL BRACKET,1,18,1219,x,300,,0.9,SS 304/2B,Coil 1219,8-0229,7.36,0.150,Active,,,,,,,,,,
8-M00-83-2087,CW-BWFW-2087-2,2087,2087,FINGER GUARD CLAMP PLATE,2,560,1219,x,200,Rotate Blank,0.9,SS 304/2B,Coil 1219,8-0229,7.36,0.003,Active,,,,,,,,,,
8-M00-83-2089,CW-BWFW-2089-1,2089,2089,TRANSPORT BRACKET (CASTORS),4,60,1219,x,400,,2.5,G/BOND,SHT 2400 x 1200,1-10-120,20,0.163,Active,,,,,,,,,,
8-M00-83-2090,CW-BWFW-2090-1,2090,2090,TRANSPORT BRACKET CASTOR WHEEL,4,32,1219,x,340,,2.5,G/BOND,SHT 2400 x 1200,1-10-120,20,0.259,Active,,,,,,,,,,
8-M00-83-2102,BWFW-2102-1,2102,2102,LEFT HAND BWFW STAND CASTER BRK COMMON,1,12,1219,x,1270,,1.2,SS 304/2B,Coil 1219,8-0230,9.81,1.266,Active,1501,New Part,,,,,,,,
8-M00-83-2103,BWFW-2103-1,2103,2103,RIGHT HAND BWFW STAND CASTER BRK COMMON,1,12,1219,x,1270,,1.2,SS 304/2B,Coil 1219,8-0230,9.81,1.266,Active,1501,New Part,,,,,,,,
8-M00-83-2104,BWFW-2104-1,2104,2104,LEFT HAND BWFW CASTER BRK COMMON LUG,1,21,1219,x,180,,0.9,SS 304/2B,Coil 1219,8-0229,7.36,0.077,Active,1501,New Part,,,,,,,,
8-M00-83-2105,BWFW-2105-1,2105,2105,RIGHT HAND BWFW CASTER BRK COMMON LUG,1,21,1219,x,180,,0.9,SS 304/2B,Coil 1219,8-0229,7.36,0.077,Active,1501,New Part,,,,,,,,
,,,,,,,,,,,,,,,,,,,,,,,,,,,
,,,,,,,,,,,,,,,,,,,,,,,,,,,
,,,,,,,,,,,,,,,,,,,,,,,,,,,
,,,,,,,,,,,,,,,,,,,,,,,,,,,
,,,,,,,,,,,,,,,,,,,,,,,,,,,
,,,,,,,,,,,,,,,,,,,,,,,,,,,
,,,,,,,,,,,,,,,,,,,,,,,,,,,
ECN1481,,,,,,,,,,,,,,,,,,,,,,,,,,,
,,,,,,,,,,,,,,,,,,,,,,,,,,,
,,,,,,,,,,,,,,,,,,,,,,,,,,,
,,,,,,,,,,,,,,,,,,,,,,,,,,,
,,,,,,,,,,,,,,,,,,,,,,,,,,,
,,,,,,,,,,,,,,,,,,,,,,,,,,,
,,,,,,,,,,,,,,,,,,,,,,,,,,,
,,,,,,,,,,,,,,,,,,,,,,,,,,,
,,,,,,,,,,,,,,,,,,,,,,,,,,,
,,,,,,,,,,,,,,,,,,,,,,,,,,,
